{"cameraMode":{"drawMode":0,"name":"Shaded","section":"Shading Mode"},"sceneLighting":false,"audioPlay":false,"sceneViewState":{"showFog":true,"showMaterialUpdate":false,"showSkybox":true,"showFlares":true,"showImageEffects":true,"showParticleSystems":true},"in2DMode":false,"pivot":{"x":-0.31478190422058108,"y":1.2184537649154664,"z":-5.535033702850342},"rotation":{"x":0.11545362323522568,"y":-0.04081261530518532,"z":0.004747428931295872,"w":0.9924627542495728},"size":10.138257026672364,"orthographic":false}