{"cameraMode":{"drawMode":0,"name":"Shaded","section":"Shading Mode"},"sceneLighting":false,"audioPlay":false,"sceneViewState":{"showFog":true,"showMaterialUpdate":false,"showSkybox":true,"showFlares":true,"showImageEffects":true,"showParticleSystems":true},"in2DMode":false,"pivot":{"x":0.2621918022632599,"y":-0.17427004873752595,"z":-0.7091275453567505},"rotation":{"x":0.02730672061443329,"y":-0.0035933302715420725,"z":0.00009833227522904053,"w":0.9996206760406494},"size":0.0000011920928955078126,"orthographic":false}