{"cameraMode":{"drawMode":0,"name":"Shaded","section":"Shading Mode"},"sceneLighting":false,"audioPlay":false,"sceneViewState":{"showFog":true,"showMaterialUpdate":false,"showSkybox":true,"showFlares":true,"showImageEffects":true,"showParticleSystems":true},"in2DMode":false,"pivot":{"x":-2.080451011657715,"y":-1.1239166259765626,"z":-2.707453727722168},"rotation":{"x":0.0613066665828228,"y":-0.7084177136421204,"z":0.06200934201478958,"w":0.7003861665725708},"size":6.291572570800781,"orthographic":false}