{"cameraMode":{"drawMode":0,"name":"Shaded","section":"Shading Mode"},"sceneLighting":false,"audioPlay":false,"sceneViewState":{"showFog":true,"showMaterialUpdate":false,"showSkybox":true,"showFlares":true,"showImageEffects":true,"showParticleSystems":true},"in2DMode":false,"pivot":{"x":0.4398912489414215,"y":-0.3607058823108673,"z":-0.7180451154708862},"rotation":{"x":0.02730672061443329,"y":-0.0035933302715420725,"z":0.00009833227522904053,"w":0.9996206760406494},"size":0.6000012159347534,"orthographic":false}